<mediaobject role="cover">
  <imageobject>
    <imagedata fileref="adventures-of-sherlock-holmes.jpg" format="JPG"/>
  </imageobject>
  <textobject><phrase>The Adventures of Sherlock Holmes</phrase></textobject>
</mediaobject>

<legalnotice>
<literallayout class="monospaced">


The Project Gutenberg EBook of The Adventures of Sherlock Holmes
by Sir Arthur Conan Doyle
(#15 in our series by Sir Arthur Conan Doyle)

Copyright laws are changing all over the world. Be sure to check the
copyright laws for your country before downloading or redistributing
this or any other Project Gutenberg eBook.

This header should be the first thing seen when viewing this Project
Gutenberg file.  Please do not remove it.  Do not change or edit the
header without written permission.

Please read the "legal small print," and other information about the
eBook and Project Gutenberg at the bottom of this file.  Included is
important information about your specific rights and restrictions in
how the file may be used.  You can also find out about how to make a
donation to Project Gutenberg, and how to get involved.


**Welcome To The World of Free Plain Vanilla Electronic Texts**

**eBooks Readable By Both Humans and By Computers, Since 1971**

*****These eBooks Were Prepared By Thousands of Volunteers!*****


Title: The Adventures of Sherlock Holmes

Author: Sir Arthur Conan Doyle

Release Date: March, 1999  [EBook #1661]
[Most recently updated: November 29, 2002]

Edition: 12

Language: English

Character set encoding: iso-8859-1

*** START OF THE PROJECT GUTENBERG EBOOK, THE ADVENTURES OF SHERLOCK HOLMES ***


(Additional editing by Jose Menendez)
</literallayout>
</legalnotice>
